stress_test,alpha,target_coverage,empirical_coverage,avg_set_size,singleton_rate,empty_rate,full_set_rate
clean,0.1,0.9,0.8937062937062937,1.288111888111888,0.7118881118881119,0.0,0.2881118881118881
clean,0.05,0.95,0.9482517482517484,1.5202797202797202,0.4797202797202797,0.0,0.5202797202797202
truncate_75,0.1,0.9,0.8867132867132868,1.3174825174825175,0.6825174825174826,0.0,0.3174825174825175
truncate_75,0.05,0.95,0.953846153846154,1.5664335664335665,0.4335664335664335,0.0,0.5664335664335665
truncate_50,0.1,0.9,0.8671328671328671,1.318881118881119,0.6811188811188811,0.0,0.3188811188811188
truncate_50,0.05,0.95,0.9594405594405594,1.6447552447552447,0.3552447552447552,0.0,0.6447552447552447
truncate_25,0.1,0.9,0.8727272727272727,1.4083916083916084,0.5916083916083916,0.0,0.4083916083916084
truncate_25,0.05,0.95,0.9622377622377624,1.7636363636363637,0.2363636363636363,0.0,0.7636363636363637
delete_15,0.1,0.9,0.8881118881118881,1.26993006993007,0.73006993006993,0.0,0.2699300699300699
delete_15,0.05,0.95,0.9524475524475524,1.5384615384615383,0.4615384615384615,0.0,0.5384615384615384
delete_30,0.1,0.9,0.8867132867132868,1.323076923076923,0.676923076923077,0.0,0.3230769230769231
delete_30,0.05,0.95,0.9524475524475524,1.5692307692307692,0.4307692307692308,0.0,0.5692307692307692
