id,condition,split
17554,head_25,calibration
33053,del_30,calibration
1517,typo_10,calibration
901,head_50,calibration
8594,del_15,calibration
1220,typo_10,calibration
1199,clean,calibration
891,del_15,calibration
1802,typo_05,calibration
396,tail_75,calibration
29353,del_15,calibration
1442,tail_25,calibration
637,head_50,calibration
1896,head_75,calibration
718,tail_25,calibration
2026,del_15,calibration
1212,typo_05,calibration
19961,del_30,calibration
39786,head_75,calibration
54618,del_30,calibration
803,del_30,calibration
786,head_75,calibration
36749,head_75,calibration
46984,tail_75,calibration
11146,tail_75,calibration
2064,head_50,calibration
954,tail_75,calibration
1969,head_50,calibration
1277,tail_75,calibration
1134,typo_05,calibration
1215,head_75,calibration
23999,head_50,calibration
37248,clean,calibration
53839,tail_75,calibration
612,typo_05,calibration
20867,head_25,calibration
37642,del_30,calibration
26152,tail_25,calibration
1236,del_30,calibration
54932,typo_10,calibration
51908,typo_10,calibration
52686,del_30,calibration
1702,head_75,calibration
13064,typo_05,calibration
291,head_25,calibration
55234,del_30,calibration
40338,head_25,calibration
10227,clean,calibration
1925,head_75,calibration
7614,del_30,calibration
6814,tail_25,calibration
796,tail_50,calibration
54141,tail_50,calibration
593,tail_50,calibration
6520,typo_05,calibration
142,tail_50,calibration
10060,typo_05,calibration
2328,tail_50,calibration
27327,typo_10,calibration
1671,head_50,calibration
584,del_15,calibration
7321,clean,calibration
3326,clean,calibration
1392,head_25,calibration
44205,head_75,calibration
20196,head_50,calibration
28629,del_30,calibration
1229,tail_75,calibration
589,tail_75,calibration
38985,tail_75,calibration
1129,del_15,calibration
1468,tail_75,calibration
267,clean,calibration
43115,clean,calibration
845,tail_75,calibration
591,clean,calibration
46802,del_15,calibration
1452,head_75,calibration
537,del_30,calibration
14116,typo_10,calibration
517,head_75,calibration
1257,head_50,calibration
1772,del_30,calibration
851,del_15,calibration
1320,head_25,calibration
781,head_50,calibration
1598,head_75,calibration
3808,head_75,calibration
1444,head_50,calibration
39940,head_75,calibration
40959,tail_25,calibration
222,del_15,calibration
12341,head_50,calibration
665,clean,calibration
830,del_15,calibration
1948,del_30,calibration
2024,del_30,calibration
4006,tail_50,calibration
53650,tail_50,calibration
791,head_25,calibration
7873,typo_05,calibration
13380,del_15,calibration
20308,del_15,calibration
18153,head_25,calibration
24361,del_15,calibration
38544,typo_10,calibration
1892,tail_50,calibration
502,clean,calibration
1493,head_75,calibration
22103,del_30,calibration
1593,clean,calibration
430,del_30,calibration
489,head_25,calibration
1350,typo_05,calibration
810,typo_05,calibration
4198,clean,calibration
1191,del_15,calibration
3369,tail_25,calibration
10158,tail_50,calibration
15178,typo_10,calibration
39461,clean,calibration
13866,typo_10,calibration
2389,head_50,calibration
417,clean,calibration
45444,typo_05,calibration
1376,typo_10,calibration
1904,typo_05,calibration
38807,tail_25,calibration
1332,typo_10,calibration
20636,head_75,calibration
228,del_30,calibration
814,clean,calibration
49574,tail_50,calibration
41079,del_30,calibration
2232,tail_25,calibration
8267,typo_05,calibration
521,tail_25,calibration
41787,head_75,calibration
474,tail_25,calibration
53610,head_50,calibration
1065,clean,calibration
1617,head_50,calibration
1244,head_25,calibration
582,typo_10,calibration
28833,clean,calibration
920,clean,calibration
1119,typo_10,calibration
932,typo_05,calibration
54426,del_30,calibration
204,del_30,calibration
12620,head_50,calibration
15210,head_25,calibration
923,head_50,calibration
33515,tail_75,calibration
22935,tail_50,calibration
13824,tail_75,calibration
766,head_25,calibration
34092,typo_10,calibration
19668,typo_10,calibration
1953,head_75,calibration
49,clean,calibration
20062,del_30,calibration
13100,typo_05,calibration
18677,del_30,calibration
28426,typo_05,calibration
21498,head_50,calibration
1219,tail_75,calibration
2276,tail_75,calibration
651,head_50,calibration
1567,typo_10,calibration
1683,del_30,calibration
580,tail_25,calibration
696,head_25,calibration
1476,typo_05,calibration
2340,head_75,calibration
722,clean,calibration
45067,head_75,calibration
1126,tail_75,calibration
2388,tail_25,calibration
1768,head_25,calibration
31,typo_10,calibration
41947,head_75,calibration
579,typo_05,calibration
1543,typo_05,calibration
1954,del_15,calibration
55757,del_30,calibration
39029,typo_05,calibration
7940,clean,calibration
448,head_75,calibration
1484,tail_25,calibration
4490,tail_50,calibration
1540,head_75,calibration
54097,clean,calibration
5786,tail_50,calibration
18956,clean,calibration
933,head_75,calibration
1176,typo_10,calibration
52656,tail_25,calibration
18304,clean,calibration
1574,tail_25,calibration
610,tail_50,calibration
51124,head_75,calibration
39198,tail_50,calibration
23518,del_30,calibration
52515,clean,calibration
43641,tail_75,calibration
10813,tail_75,calibration
23383,head_50,calibration
19808,clean,calibration
1418,tail_25,calibration
1491,head_75,calibration
1472,tail_25,calibration
24562,tail_25,calibration
1255,del_15,calibration
602,del_15,calibration
15595,head_50,calibration
1998,head_50,calibration
445,typo_10,calibration
1026,del_30,calibration
9934,typo_10,calibration
433,head_50,calibration
8500,typo_10,calibration
1506,del_30,calibration
49120,head_75,calibration
224,typo_10,calibration
804,del_30,calibration
42769,clean,calibration
2709,clean,calibration
9252,del_15,calibration
1828,tail_25,calibration
1373,head_50,calibration
1374,head_25,calibration
821,del_15,calibration
220,tail_25,calibration
322,head_25,calibration
18335,typo_10,calibration
41607,head_50,calibration
1717,del_30,calibration
255,clean,calibration
42162,tail_75,calibration
695,typo_05,calibration
12299,del_30,calibration
1599,typo_05,calibration
1033,head_25,calibration
4773,head_75,calibration
1718,head_25,calibration
1706,tail_25,calibration
1647,clean,calibration
52281,del_15,calibration
1040,typo_05,calibration
49771,tail_50,calibration
122,tail_50,calibration
1731,typo_05,calibration
2050,typo_05,calibration
924,tail_75,calibration
44123,typo_10,calibration
25073,head_75,calibration
51463,head_75,calibration
1237,head_25,calibration
2056,clean,calibration
1744,del_15,calibration
10936,tail_25,calibration
1213,del_15,calibration
30989,head_25,calibration
1105,typo_10,calibration
28302,del_30,calibration
428,del_30,calibration
17002,del_15,calibration
2126,del_15,calibration
47814,del_15,calibration
332,tail_50,calibration
984,head_50,calibration
2137,typo_10,calibration
17784,typo_10,calibration
1852,typo_05,calibration
1590,tail_75,calibration
572,head_75,calibration
25368,head_75,calibration
34011,typo_05,calibration
23886,head_25,calibration
53619,head_75,calibration
14283,head_25,calibration
1092,del_30,calibration
26369,clean,calibration
21375,head_25,calibration
229,head_50,calibration
20106,tail_75,calibration
55329,tail_75,calibration
1323,tail_25,calibration
4237,tail_75,calibration
1535,tail_25,calibration
1113,tail_50,calibration
1908,tail_25,calibration
931,del_15,calibration
704,typo_10,calibration
5641,typo_05,calibration
45646,del_15,calibration
1774,typo_05,calibration
55670,typo_05,calibration
1186,clean,calibration
44555,del_30,calibration
32432,head_75,calibration
37991,tail_50,calibration
4307,tail_25,calibration
24077,head_50,calibration
1923,typo_10,calibration
465,typo_05,calibration
6758,typo_10,calibration
1062,tail_50,calibration
1949,typo_10,calibration
1111,head_75,calibration
342,head_50,calibration
11854,tail_75,calibration
18314,typo_05,calibration
17832,typo_05,calibration
488,tail_50,calibration
47757,head_25,calibration
54992,tail_75,calibration
1497,head_25,calibration
120,head_75,calibration
14357,del_15,calibration
532,tail_50,calibration
4,tail_75,calibration
836,del_15,calibration
1490,del_30,calibration
50518,typo_10,calibration
197,head_75,calibration
1251,head_75,calibration
53614,head_50,calibration
20410,head_25,calibration
28237,typo_05,calibration
1351,head_75,calibration
41856,del_15,calibration
2913,head_75,calibration
553,tail_50,calibration
1520,typo_10,calibration
243,del_30,calibration
1286,typo_05,calibration
27192,head_25,calibration
1424,head_50,calibration
176,tail_50,calibration
47406,head_25,calibration
371,typo_05,calibration
2581,typo_10,calibration
54284,del_30,calibration
754,head_25,calibration
914,typo_05,calibration
7727,clean,calibration
831,head_50,calibration
319,clean,calibration
949,typo_10,calibration
623,tail_25,calibration
10663,del_30,calibration
1142,del_15,calibration
748,head_25,calibration
671,head_75,calibration
2658,clean,calibration
1451,clean,calibration
20830,head_25,calibration
35323,typo_05,calibration
321,head_25,calibration
43149,del_15,calibration
23764,del_30,calibration
2411,tail_25,calibration
22749,del_15,calibration
956,tail_25,calibration
55001,tail_25,calibration
1911,del_30,calibration
41577,head_25,calibration
18966,head_50,calibration
1380,tail_50,calibration
26330,tail_50,calibration
977,head_25,calibration
1425,del_30,calibration
909,del_15,calibration
28707,tail_25,calibration
1641,typo_05,calibration
47149,head_75,calibration
24962,typo_10,calibration
12223,tail_75,calibration
42996,tail_50,calibration
1553,del_30,calibration
42357,tail_25,calibration
135,head_50,calibration
346,head_75,calibration
426,typo_05,calibration
1912,typo_10,calibration
292,head_75,calibration
32800,del_15,calibration
1692,clean,calibration
1480,tail_75,calibration
252,clean,calibration
1749,del_15,calibration
277,head_75,calibration
1203,tail_25,calibration
669,typo_05,calibration
36997,tail_75,calibration
699,tail_25,calibration
7419,head_50,calibration
1163,del_15,calibration
52426,typo_05,calibration
199,tail_50,calibration
598,tail_50,calibration
4043,head_50,calibration
41375,tail_25,calibration
39729,head_25,calibration
1253,del_30,calibration
17828,tail_50,calibration
16139,head_25,calibration
30377,typo_10,calibration
240,del_15,calibration
4096,tail_50,calibration
55416,head_50,calibration
1014,tail_25,calibration
52129,tail_75,calibration
8995,del_15,calibration
1812,del_15,calibration
367,typo_10,calibration
1632,tail_75,calibration
543,typo_05,calibration
28209,tail_50,calibration
43974,tail_75,calibration
348,head_25,calibration
19805,tail_75,calibration
52427,typo_10,calibration
1359,head_50,calibration
235,head_75,calibration
48349,typo_05,calibration
17065,tail_75,calibration
1827,typo_10,calibration
36442,del_15,calibration
30804,clean,calibration
2474,typo_10,calibration
1017,tail_50,calibration
5187,typo_10,calibration
22980,typo_05,calibration
359,clean,calibration
1845,head_75,calibration
36619,typo_05,calibration
789,tail_25,calibration
26,tail_25,calibration
2334,tail_50,calibration
1639,del_30,calibration
1726,tail_75,calibration
1614,clean,calibration
1755,tail_75,calibration
38697,tail_25,calibration
859,typo_05,calibration
420,head_25,calibration
25617,tail_50,calibration
1863,typo_10,calibration
38738,head_75,calibration
1279,del_30,calibration
39529,del_15,calibration
26274,typo_10,calibration
2069,head_75,calibration
28867,clean,calibration
268,typo_10,calibration
23034,head_75,calibration
416,typo_05,calibration
1266,head_50,calibration
849,head_75,calibration
1906,typo_10,calibration
52339,typo_10,calibration
12018,typo_05,calibration
16433,del_30,calibration
301,tail_75,calibration
140,head_25,calibration
398,head_25,calibration
36574,head_50,calibration
1406,typo_10,calibration
52429,clean,calibration
863,tail_50,calibration
33281,tail_75,calibration
760,tail_75,calibration
55067,del_30,calibration
50819,head_25,calibration
2447,del_15,calibration
1093,tail_50,calibration
24959,typo_05,calibration
20372,head_25,calibration
1901,typo_10,calibration
1254,tail_50,calibration
24346,head_75,calibration
1548,head_75,calibration
202,typo_10,calibration
51952,head_50,calibration
344,head_25,calibration
273,typo_10,calibration
44132,head_25,calibration
2059,typo_05,calibration
45967,del_30,calibration
1233,head_25,calibration
19281,tail_75,calibration
1181,clean,calibration
325,typo_05,calibration
1052,tail_75,calibration
1714,tail_50,calibration
11627,head_50,calibration
49039,head_75,calibration
753,tail_25,calibration
45886,clean,calibration
26496,del_15,calibration
14020,clean,calibration
27339,typo_05,calibration
49639,head_50,calibration
1538,typo_10,calibration
46331,head_25,calibration
41685,del_15,calibration
34761,tail_25,calibration
1140,typo_05,calibration
27811,tail_25,calibration
40438,tail_50,calibration
2951,typo_10,calibration
1085,typo_05,calibration
1507,head_50,calibration
406,head_75,calibration
1688,tail_50,calibration
415,typo_05,calibration
1204,head_25,calibration
210,head_25,calibration
90,tail_75,calibration
1853,typo_10,calibration
1582,clean,calibration
9377,head_50,calibration
26336,typo_10,calibration
376,head_50,calibration
1664,head_75,calibration
545,del_15,calibration
114,head_75,calibration
432,del_15,calibration
50304,clean,calibration
434,del_30,calibration
1505,tail_50,calibration
447,typo_10,calibration
39662,typo_05,calibration
25976,typo_05,calibration
847,tail_50,calibration
767,head_50,calibration
299,typo_10,calibration
188,tail_75,calibration
50235,head_75,calibration
3231,tail_50,calibration
84,del_30,calibration
30152,tail_25,calibration
78,typo_05,calibration
22056,tail_25,calibration
1470,head_75,calibration
1917,typo_05,calibration
900,clean,calibration
32115,clean,calibration
190,tail_50,calibration
1560,del_15,calibration
10918,clean,calibration
132,head_75,calibration
1168,tail_50,calibration
1159,typo_05,calibration
18552,clean,calibration
1385,head_50,calibration
1784,tail_25,calibration
53902,head_25,calibration
1776,del_30,calibration
328,del_30,calibration
1122,typo_05,calibration
35391,tail_25,calibration
1804,typo_10,calibration
8207,tail_50,calibration
1049,head_50,calibration
31340,tail_75,calibration
27018,tail_25,calibration
356,head_75,calibration
1944,tail_50,calibration
516,head_25,calibration
558,head_25,calibration
627,clean,calibration
14077,tail_50,calibration
16961,tail_75,calibration
1833,del_15,calibration
39756,del_15,calibration
450,tail_75,calibration
1150,head_50,calibration
52543,tail_50,calibration
427,head_75,calibration
32015,del_30,calibration
28270,typo_10,calibration
51546,tail_75,calibration
25027,head_50,calibration
51158,del_15,calibration
1390,tail_50,calibration
925,tail_75,calibration
39403,del_15,calibration
13398,tail_50,calibration
36233,typo_05,calibration
45096,head_50,calibration
195,del_15,calibration
10822,tail_75,calibration
1408,clean,calibration
38619,typo_10,calibration
14282,typo_10,calibration
1250,typo_05,calibration
13181,clean,calibration
39864,tail_25,calibration
463,del_15,calibration
1071,tail_25,calibration
21227,head_75,calibration
20778,clean,calibration
862,tail_25,calibration
37185,del_30,calibration
1782,tail_25,calibration
75,typo_10,calibration
693,head_75,calibration
28836,typo_05,calibration
912,tail_75,calibration
525,tail_75,calibration
164,clean,calibration
1928,clean,calibration
1059,tail_75,calibration
688,tail_50,calibration
2100,typo_05,calibration
36701,typo_05,calibration
539,head_75,calibration
703,typo_05,calibration
401,tail_25,calibration
981,tail_75,calibration
40965,tail_25,calibration
807,head_75,calibration
1844,head_50,calibration
6286,tail_75,calibration
14919,typo_10,calibration
1362,tail_25,calibration
31719,tail_75,calibration
1032,typo_05,calibration
345,typo_10,calibration
1640,clean,calibration
822,typo_05,calibration
1031,typo_10,calibration
1552,head_25,calibration
681,tail_25,calibration
37871,del_30,calibration
15157,tail_25,calibration
1042,clean,calibration
46570,head_50,calibration
386,del_30,calibration
974,head_50,calibration
36988,clean,calibration
1816,head_75,calibration
1851,tail_50,calibration
26019,typo_05,calibration
943,typo_10,calibration
1333,typo_05,calibration
937,del_30,calibration
964,typo_10,calibration
1405,del_15,calibration
8585,tail_25,calibration
1539,del_30,calibration
22167,tail_75,calibration
366,clean,calibration
70,typo_10,calibration
18844,del_15,calibration
1428,typo_05,calibration
54732,head_50,calibration
941,typo_05,calibration
4217,typo_10,calibration
37817,head_75,calibration
8456,typo_10,calibration
1826,typo_05,calibration
50589,head_50,calibration
1793,tail_75,calibration
43793,del_30,calibration
1078,head_50,calibration
9330,typo_05,calibration
30163,del_15,calibration
11164,head_25,calibration
1402,clean,calibration
409,tail_50,calibration
1564,tail_50,calibration
1530,typo_10,calibration
835,tail_25,calibration
852,tail_25,calibration
1655,clean,calibration
152,head_50,calibration
49133,tail_75,calibration
226,head_25,calibration
1830,tail_25,calibration
260,head_75,calibration
278,tail_25,calibration
614,head_75,calibration
16708,typo_10,calibration
2354,clean,calibration
1447,tail_75,calibration
40296,typo_10,calibration
49851,tail_50,calibration
8257,del_15,calibration
39739,typo_10,calibration
1836,head_50,calibration
1019,typo_05,calibration
1630,tail_25,calibration
1133,del_15,calibration
10442,tail_50,calibration
961,tail_25,calibration
896,tail_25,test
19059,tail_75,test
7977,del_30,test
1214,del_15,test
1965,tail_75,test
850,tail_75,test
1643,tail_25,test
39090,head_50,test
19468,tail_25,test
48595,tail_75,test
1039,head_75,test
588,head_25,test
53256,tail_50,test
39650,tail_25,test
414,clean,test
1824,del_30,test
813,del_15,test
745,typo_10,test
895,head_75,test
1361,typo_05,test
46063,clean,test
6587,del_30,test
108,tail_75,test
337,head_75,test
54251,del_15,test
723,tail_75,test
1466,typo_10,test
16030,tail_25,test
38903,tail_25,test
801,typo_10,test
24942,del_30,test
32340,head_75,test
48561,tail_50,test
61,tail_75,test
24225,tail_25,test
1462,head_25,test
1234,head_25,test
1661,tail_75,test
1224,head_25,test
45743,del_15,test
1223,head_25,test
5248,head_50,test
751,tail_25,test
25778,typo_10,test
29555,head_25,test
12230,clean,test
30603,head_50,test
42340,clean,test
247,del_30,test
1121,head_75,test
49500,tail_25,test
44234,head_75,test
365,typo_05,test
53,tail_75,test
55783,tail_75,test
1125,tail_50,test
1667,typo_05,test
40807,del_30,test
51868,typo_05,test
864,head_75,test
652,typo_10,test
12081,head_75,test
1771,clean,test
2603,del_15,test
471,head_75,test
25293,tail_75,test
246,head_75,test
51097,tail_75,test
28340,tail_75,test
1278,tail_75,test
5012,del_15,test
839,head_25,test
987,head_75,test
3879,del_30,test
1684,tail_50,test
4426,del_30,test
1675,head_25,test
15807,clean,test
41401,head_50,test
1800,clean,test
4114,del_30,test
1551,del_15,test
10126,tail_50,test
1184,tail_50,test
21808,tail_25,test
29364,del_15,test
5725,del_15,test
1344,typo_05,test
41244,typo_05,test
45645,tail_75,test
33410,tail_75,test
280,head_25,test
1682,head_25,test
171,typo_10,test
48667,del_15,test
25444,typo_10,test
618,clean,test
257,head_50,test
7774,tail_50,test
1798,tail_75,test
576,head_75,test
11173,clean,test
52355,tail_50,test
1460,del_15,test
2018,typo_05,test
1783,del_30,test
275,head_25,test
40519,head_50,test
28894,del_15,test
51808,typo_10,test
1678,tail_25,test
861,clean,test
621,typo_05,test
1423,tail_75,test
53054,clean,test
794,del_15,test
177,tail_75,test
1589,clean,test
35555,tail_50,test
28697,del_30,test
1169,typo_10,test
1050,head_50,test
935,head_50,test
47718,clean,test
1613,del_15,test
40475,tail_50,test
79,head_25,test
677,head_75,test
23399,head_25,test
1256,head_25,test
1741,tail_75,test
1881,tail_25,test
43101,del_30,test
10230,head_25,test
22547,head_25,test
7174,typo_05,test
460,head_75,test
52124,tail_75,test
54772,head_50,test
477,clean,test
1754,typo_05,test
25463,del_15,test
1597,del_15,test
33365,head_25,test
37984,head_75,test
29592,typo_05,test
40261,del_30,test
22828,typo_10,test
1459,tail_25,test
644,typo_10,test
1366,typo_10,test
1854,tail_75,test
42114,head_50,test
1382,typo_10,test
36299,head_50,test
53136,typo_10,test
15337,head_25,test
2966,typo_10,test
38809,del_15,test
1132,tail_25,test
2317,head_25,test
983,tail_75,test
915,del_30,test
19811,typo_05,test
529,head_75,test
1300,tail_50,test
30201,typo_10,test
43373,tail_25,test
121,tail_50,test
1644,del_15,test
119,typo_10,test
467,del_30,test
21072,head_25,test
18787,clean,test
1569,head_50,test
2270,head_25,test
40735,typo_10,test
12428,head_50,test
233,head_75,test
875,tail_25,test
1654,del_30,test
661,head_50,test
51034,head_75,test
26193,typo_05,test
12446,head_50,test
12083,tail_75,test
413,head_25,test
241,tail_75,test
1329,typo_05,test
1029,head_75,test
1263,head_25,test
10612,del_15,test
1115,typo_10,test
1094,clean,test
701,tail_25,test
1318,typo_05,test
684,head_75,test
25271,clean,test
45580,tail_50,test
755,tail_25,test
357,clean,test
323,clean,test
1012,head_75,test
16162,tail_75,test
1404,typo_10,test
1570,del_30,test
5671,typo_10,test
402,typo_05,test
51229,head_50,test
6017,head_25,test
99,head_75,test
38391,head_75,test
27334,del_15,test
42869,del_30,test
37419,typo_10,test
36261,typo_05,test
439,typo_10,test
1795,head_75,test
620,typo_10,test
678,tail_25,test
446,head_75,test
1147,head_75,test
1426,head_75,test
46932,clean,test
11736,del_15,test
1304,del_30,test
95,tail_25,test
193,head_75,test
957,head_50,test
1006,head_25,test
52228,del_30,test
10510,head_75,test
28924,tail_50,test
29061,tail_50,test
41376,head_25,test
45791,head_75,test
13727,del_30,test
49767,del_30,test
81,head_25,test
272,head_25,test
53409,clean,test
51387,head_25,test
1976,tail_25,test
39216,head_75,test
1814,tail_75,test
1436,typo_10,test
1866,tail_25,test
249,tail_25,test
264,del_30,test
14186,clean,test
390,tail_50,test
1095,head_50,test
40,clean,test
664,head_75,test
51985,head_50,test
996,tail_50,test
998,tail_75,test
93,head_25,test
1638,tail_25,test
649,head_50,test
1518,head_75,test
1566,del_15,test
25717,head_75,test
6186,head_50,test
1343,head_25,test
1073,del_30,test
286,typo_05,test
50510,typo_10,test
52684,tail_25,test
333,del_15,test
484,head_50,test
1216,head_25,test
50132,tail_50,test
21556,typo_05,test
731,tail_25,test
25087,clean,test
18383,head_25,test
2203,del_15,test
40939,head_75,test
31238,head_50,test
13566,typo_10,test
189,head_75,test
336,typo_10,test
1281,head_25,test
700,del_30,test
1504,head_75,test
1365,tail_75,test
31170,head_25,test
1710,head_75,test
495,tail_75,test
43546,del_15,test
1399,del_30,test
2072,typo_05,test
38295,clean,test
55527,del_30,test
1166,del_15,test
1364,typo_05,test
25494,typo_05,test
1308,head_75,test
1015,head_75,test
44863,tail_50,test
11091,del_15,test
2185,head_50,test
52299,head_75,test
7823,tail_75,test
1610,head_50,test
137,typo_05,test
25818,head_25,test
11303,head_50,test
196,head_50,test
1193,clean,test
656,tail_75,test
726,tail_75,test
154,clean,test
46867,clean,test
1067,del_15,test
39140,typo_10,test
28337,head_25,test
522,typo_10,test
1041,del_30,test
811,head_75,test
1036,tail_25,test
18528,tail_75,test
17531,del_15,test
1123,head_75,test
18949,typo_10,test
49189,typo_05,test
10928,head_50,test
274,tail_25,test
102,del_30,test
44733,tail_75,test
31818,clean,test
23598,clean,test
27225,head_75,test
1307,head_25,test
36366,typo_05,test
28200,del_30,test
21920,tail_50,test
111,head_50,test
1207,del_30,test
468,del_30,test
452,del_15,test
514,tail_75,test
592,tail_25,test
689,clean,test
1179,tail_50,test
126,head_75,test
37431,tail_75,test
1415,head_75,test
936,head_75,test
2074,clean,test
47770,typo_05,test
3740,head_75,test
1439,head_25,test
16362,head_75,test
509,typo_10,test
51204,tail_75,test
965,head_75,test
34,clean,test
52618,tail_75,test
1500,tail_50,test
834,head_75,test
2132,tail_25,test
25486,head_75,test
2348,tail_50,test
650,del_30,test
888,head_50,test
54649,del_15,test
890,tail_25,test
1336,del_15,test
9550,del_30,test
16410,tail_50,test
844,tail_25,test
12639,head_50,test
15,head_25,test
339,tail_50,test
1778,tail_50,test
5552,del_15,test
44037,tail_25,test
19,typo_10,test
1846,head_75,test
1138,head_50,test
698,head_25,test
410,del_30,test
20506,tail_25,test
1621,tail_75,test
2988,typo_05,test
39818,clean,test
305,del_30,test
1449,typo_05,test
30623,del_30,test
491,clean,test
49430,del_30,test
1069,head_50,test
1420,head_75,test
156,del_30,test
46701,tail_50,test
2364,tail_50,test
740,del_30,test
53258,del_15,test
316,typo_10,test
160,del_30,test
363,tail_50,test
31136,head_75,test
388,head_50,test
1354,clean,test
1742,clean,test
1900,clean,test
1456,tail_75,test
22566,del_15,test
1799,typo_05,test
37224,tail_50,test
812,del_30,test
675,tail_25,test
52592,typo_05,test
234,clean,test
1149,typo_05,test
55729,del_15,test
343,head_25,test
1649,del_15,test
17486,head_25,test
1584,tail_50,test
47842,tail_50,test
24,tail_25,test
46051,typo_10,test
34692,tail_25,test
498,head_25,test
42957,del_15,test
281,typo_05,test
221,tail_50,test
945,tail_50,test
10082,tail_25,test
1375,typo_10,test
15147,del_30,test
820,head_75,test
46814,head_25,test
38525,del_30,test
1098,tail_75,test
1446,tail_25,test
182,tail_75,test
312,typo_10,test
43960,typo_05,test
40559,typo_05,test
33964,head_50,test
1686,head_75,test
38828,tail_50,test
40861,del_15,test
528,head_75,test
1003,head_75,test
10503,head_50,test
200,head_75,test
605,head_50,test
1988,typo_10,test
20556,head_75,test
29907,head_50,test
1280,tail_75,test
8160,typo_05,test
38612,tail_75,test
1232,typo_05,test
7886,tail_75,test
29550,typo_10,test
1245,tail_25,test
37288,typo_10,test
44,tail_50,test
1521,typo_05,test
214,clean,test
840,typo_05,test
46170,tail_50,test
792,head_25,test
1805,typo_10,test
15216,typo_05,test
40460,head_50,test
1541,tail_50,test
31840,tail_25,test
1939,del_15,test
44474,head_50,test
17318,typo_10,test
39424,head_50,test
1264,head_25,test
31345,tail_50,test
317,del_30,test
25424,tail_50,test
573,typo_05,test
43574,tail_75,test
1002,tail_25,test
32770,head_25,test
770,tail_25,test
1727,typo_05,test
2,typo_10,test
6362,head_75,test
2343,head_25,test
10,tail_75,test
14092,head_50,test
26210,head_75,test
36370,head_50,test
1088,head_25,test
48702,tail_25,test
1104,tail_50,test
823,typo_05,test
373,typo_10,test
7046,del_30,test
994,del_30,test
52469,del_30,test
1625,del_15,test
50021,head_25,test
11398,clean,test
16479,tail_75,test
1631,typo_05,test
13738,tail_75,test
1260,head_25,test
709,tail_75,test
708,typo_10,test
236,typo_10,test
1116,head_25,test
1596,tail_50,test
50886,tail_75,test
37177,tail_50,test
1061,head_50,test
49791,del_30,test
475,tail_75,test
1796,clean,test
48013,typo_10,test
54707,typo_05,test
28063,tail_75,test
20141,tail_75,test
1427,head_75,test
816,typo_10,test
886,tail_50,test
1356,typo_05,test
1000,tail_25,test
1238,typo_05,test
872,tail_50,test
31149,head_50,test
1038,head_25,test
1636,del_30,test
2247,typo_10,test
14833,tail_75,test
788,tail_25,test
9638,clean,test
1996,typo_05,test
562,head_50,test
13512,head_50,test
31648,clean,test
201,tail_50,test
25825,head_50,test
832,typo_05,test
14630,typo_05,test
45717,typo_05,test
733,del_15,test
1160,head_25,test
54546,head_25,test
50991,head_75,test
1515,typo_05,test
53352,tail_50,test
39231,head_25,test
44843,tail_75,test
1453,del_15,test
185,clean,test
33288,head_25,test
742,del_15,test
49656,typo_10,test
1620,typo_10,test
20039,tail_75,test
27186,typo_05,test
507,tail_50,test
25139,typo_05,test
6333,head_25,test
2160,clean,test
41942,tail_75,test
526,tail_75,test
53273,head_25,test
2253,del_30,test
9177,clean,test
54458,tail_50,test
28,tail_75,test
412,typo_10,test
2311,tail_50,test
295,tail_50,test
42658,tail_25,test
62,del_15,test
3566,head_50,test
26403,head_75,test
9217,clean,test
20934,tail_50,test
166,head_25,test
155,typo_10,test
1674,typo_05,test
1659,head_50,test
1431,del_30,test
22370,clean,test
1858,tail_50,test
48421,del_30,test
149,head_75,test
24769,del_30,test
419,del_15,test
1445,tail_75,test
36811,head_25,test
42662,head_25,test
19879,tail_25,test
9259,del_30,test
6218,del_30,test
50834,head_75,test
1509,tail_25,test
775,typo_10,test
28212,tail_50,test
904,tail_50,test
18821,tail_25,test
32700,head_75,test
41,del_15,test
23541,tail_75,test
1178,clean,test
1542,tail_50,test
46151,tail_75,test
1646,tail_25,test
49100,head_50,test
14650,tail_50,test
324,head_25,test
568,tail_75,test
16792,typo_10,test
10307,clean,test
24110,del_15,test
969,head_25,test
1499,tail_25,test
1368,typo_05,test
846,typo_05,test
361,tail_25,test
33380,head_50,test
472,head_50,test
15650,del_15,test
1388,tail_75,test
2224,head_75,test
2397,clean,test
756,tail_75,test
44969,tail_25,test
5899,clean,test
27948,clean,test
17912,tail_25,test
4055,del_15,test
1856,tail_50,test
308,head_25,test
15195,del_15,test
1154,head_50,test
16715,del_15,test
1725,typo_10,test
51793,tail_50,test
35634,clean,test
5707,tail_75,test
206,typo_05,test
22589,head_50,test
32029,tail_50,test
569,tail_50,test
739,head_75,test
1230,clean,test
34369,head_75,test
13106,head_25,test
55512,head_75,test
38632,del_30,test
205,typo_05,test
40254,typo_10,test
21679,head_75,test
11048,del_30,test
1605,head_75,test
253,typo_10,test
683,head_25,test
27,clean,test
459,tail_75,test
15960,typo_05,test
657,clean,test
1248,head_50,test
2119,tail_50,test
25575,del_30,test
12892,typo_10,test
1391,typo_10,test
944,typo_10,test
1767,clean,test
351,del_15,test
16996,typo_05,test
1397,typo_10,test
992,del_15,test
37955,typo_05,test
2118,head_75,test
531,head_75,test
22731,typo_05,test
504,head_50,test
1007,typo_05,test
533,tail_25,test
567,head_75,test
36153,head_25,test
37242,typo_10,test
45633,clean,test
527,del_30,test
1072,del_15,test
39,del_30,test
976,tail_75,test
1550,del_15,test
870,head_25,test
11468,del_15,test
290,head_75,test
10655,head_50,test
8275,tail_50,test
33854,head_50,test
950,head_50,test
1218,typo_05,test
10185,del_30,test
784,tail_75,test
39798,head_50,test
541,tail_75,test
594,head_50,test
1890,typo_05,test
39925,clean,test
24271,head_50,test
2212,del_15,test
27951,head_25,test
1164,head_25,test
1519,typo_10,test
