section,split,key,value
source,all,dataset_name,asmaab/dreaddit
source,hf_train,n_rows,2270
source,hf_validation,n_rows,568
source,hf_test,n_rows,715
source,pool,n_rows,2838
duplicates,pool,duplicate_groups,12
duplicates,pool,conflicting_label_groups,3
duplicates,pool,rows_removed_extra_copies,13
duplicates,pool,rows_removed_conflicting_labels,8
duplicates,pool,rows_removed_test_duplicates,3
duplicates,test,duplicate_groups,0
split_params,all,n_splits,20
split_params,all,random_state_initial,42
split_params,all,random_state_used,42
split_params,train,folds,0-11
split_params,validation,folds,12-14
split_params,calibration,folds,15-19
size,train,n_rows,1692
size,train,n_posts,1393
size,train,n_label_0,803
size,train,n_label_1,889
size,train,share_label_1,0.5254
size,train,n_confidence_missing,0
domain,train,abuse.n_rows,344
domain,train,abuse.n_label_1,197
domain,train,social.n_rows,341
domain,train,social.n_label_1,143
domain,train,anxiety.n_rows,329
domain,train,anxiety.n_label_1,214
domain,train,ptsd.n_rows,357
domain,train,ptsd.n_label_1,208
domain,train,financial.n_rows,321
domain,train,financial.n_label_1,127
size,validation,n_rows,422
size,validation,n_posts,354
size,validation,n_label_0,200
size,validation,n_label_1,222
size,validation,share_label_1,0.5261
size,validation,n_confidence_missing,0
domain,validation,abuse.n_rows,64
domain,validation,abuse.n_label_1,39
domain,validation,social.n_rows,82
domain,validation,social.n_label_1,44
domain,validation,anxiety.n_rows,87
domain,validation,anxiety.n_label_1,53
domain,validation,ptsd.n_rows,83
domain,validation,ptsd.n_label_1,43
domain,validation,financial.n_rows,106
domain,validation,financial.n_label_1,43
size,calibration,n_rows,700
size,calibration,n_posts,579
size,calibration,n_label_0,330
size,calibration,n_label_1,370
size,calibration,share_label_1,0.5286
size,calibration,n_confidence_missing,0
domain,calibration,abuse.n_rows,142
domain,calibration,abuse.n_label_1,76
domain,calibration,social.n_rows,129
domain,calibration,social.n_label_1,60
domain,calibration,anxiety.n_rows,147
domain,calibration,anxiety.n_label_1,98
domain,calibration,ptsd.n_rows,138
domain,calibration,ptsd.n_label_1,79
domain,calibration,financial.n_rows,144
domain,calibration,financial.n_label_1,57
size,test,n_rows,715
size,test,n_posts,586
size,test,n_label_0,346
size,test,n_label_1,369
size,test,share_label_1,0.5161
size,test,n_confidence_missing,98
domain,test,abuse.n_rows,142
domain,test,abuse.n_label_1,78
domain,test,social.n_rows,142
domain,test,social.n_label_1,60
domain,test,anxiety.n_rows,161
domain,test,anxiety.n_label_1,95
domain,test,ptsd.n_rows,127
domain,test,ptsd.n_label_1,82
domain,test,financial.n_rows,143
domain,test,financial.n_label_1,54
overlap,train|validation,shared_posts,0
overlap,train|validation,shared_texts,0
overlap,train|calibration,shared_posts,0
overlap,train|calibration,shared_texts,0
overlap,train|test,shared_posts,0
overlap,train|test,shared_texts,0
overlap,validation|calibration,shared_posts,0
overlap,validation|calibration,shared_texts,0
overlap,validation|test,shared_posts,0
overlap,validation|test,shared_texts,0
overlap,calibration|test,shared_posts,0
overlap,calibration|test,shared_texts,0
