section,model,key,value
files,tfidf_logreg/seed_42,run_meta_exists,True
files,tfidf_logreg/seed_42,n_rows,15987
files,tfidf_logreg/seed_42,all_split_conditions_present,True
files,tfidf_logreg/seed_42,ids_match_splits,True
files,tfidf_logreg/seed_42,no_text_column,True
files,tfidf_logreg/seed_42,no_missing_values,True
metrics,tfidf_logreg/seed_42,validation_macro_f1,0.7654
metrics,tfidf_logreg/seed_42,test_macro_f1,0.7141
metrics,tfidf_logreg/seed_42,gap_validation_minus_test,0.0514
files,tfidf_linear_svm/seed_42,run_meta_exists,True
files,tfidf_linear_svm/seed_42,n_rows,15987
files,tfidf_linear_svm/seed_42,all_split_conditions_present,True
files,tfidf_linear_svm/seed_42,ids_match_splits,True
files,tfidf_linear_svm/seed_42,no_text_column,True
files,tfidf_linear_svm/seed_42,no_missing_values,True
metrics,tfidf_linear_svm/seed_42,validation_macro_f1,0.7461
metrics,tfidf_linear_svm/seed_42,test_macro_f1,0.722
metrics,tfidf_linear_svm/seed_42,gap_validation_minus_test,0.0241
files,distilbert/seed_13,run_meta_exists,True
files,distilbert/seed_13,n_rows,15987
files,distilbert/seed_13,all_split_conditions_present,True
files,distilbert/seed_13,ids_match_splits,True
files,distilbert/seed_13,no_text_column,True
files,distilbert/seed_13,no_missing_values,True
files,distilbert/seed_13,occlusion_rows,3441
files,distilbert/seed_13,occlusion_no_text_column,True
files,distilbert/seed_13,train_log_exists,True
metrics,distilbert/seed_13,validation_macro_f1,0.8093
metrics,distilbert/seed_13,test_macro_f1,0.7899
metrics,distilbert/seed_13,gap_validation_minus_test,0.0194
files,distilbert/seed_42,run_meta_exists,True
files,distilbert/seed_42,n_rows,15987
files,distilbert/seed_42,all_split_conditions_present,True
files,distilbert/seed_42,ids_match_splits,True
files,distilbert/seed_42,no_text_column,True
files,distilbert/seed_42,no_missing_values,True
files,distilbert/seed_42,occlusion_rows,3441
files,distilbert/seed_42,occlusion_no_text_column,True
files,distilbert/seed_42,train_log_exists,True
metrics,distilbert/seed_42,validation_macro_f1,0.82
metrics,distilbert/seed_42,test_macro_f1,0.7639
metrics,distilbert/seed_42,gap_validation_minus_test,0.0561
files,distilbert/seed_101,run_meta_exists,True
files,distilbert/seed_101,n_rows,15987
files,distilbert/seed_101,all_split_conditions_present,True
files,distilbert/seed_101,ids_match_splits,True
files,distilbert/seed_101,no_text_column,True
files,distilbert/seed_101,no_missing_values,True
files,distilbert/seed_101,occlusion_rows,3441
files,distilbert/seed_101,occlusion_no_text_column,True
files,distilbert/seed_101,train_log_exists,True
metrics,distilbert/seed_101,validation_macro_f1,0.7961
metrics,distilbert/seed_101,test_macro_f1,0.7902
metrics,distilbert/seed_101,gap_validation_minus_test,0.0059
files,distilbert/seed_2024,run_meta_exists,True
files,distilbert/seed_2024,n_rows,15987
files,distilbert/seed_2024,all_split_conditions_present,True
files,distilbert/seed_2024,ids_match_splits,True
files,distilbert/seed_2024,no_text_column,True
files,distilbert/seed_2024,no_missing_values,True
files,distilbert/seed_2024,occlusion_rows,3441
files,distilbert/seed_2024,occlusion_no_text_column,True
files,distilbert/seed_2024,train_log_exists,True
metrics,distilbert/seed_2024,validation_macro_f1,0.8025
metrics,distilbert/seed_2024,test_macro_f1,0.7923
metrics,distilbert/seed_2024,gap_validation_minus_test,0.0102
files,distilbert/seed_7777,run_meta_exists,True
files,distilbert/seed_7777,n_rows,15987
files,distilbert/seed_7777,all_split_conditions_present,True
files,distilbert/seed_7777,ids_match_splits,True
files,distilbert/seed_7777,no_text_column,True
files,distilbert/seed_7777,no_missing_values,True
files,distilbert/seed_7777,occlusion_rows,3441
files,distilbert/seed_7777,occlusion_no_text_column,True
files,distilbert/seed_7777,train_log_exists,True
metrics,distilbert/seed_7777,validation_macro_f1,0.8164
metrics,distilbert/seed_7777,test_macro_f1,0.7838
metrics,distilbert/seed_7777,gap_validation_minus_test,0.0327
gap,distilbert,median_gap_over_seeds,0.0194
gap,distilbert,threshold,0.03
gap,distilbert,gap_below_threshold,True
diagnostics,data,shared_posts_all_pairs,0
diagnostics,data,shared_texts_all_pairs,0
diagnostics,distilbert,median_gap_test_without_missing_confidence,0.0087
diagnostics,distilbert,median_test_macro_f1_missing_confidence_rows,0.7113
diagnostics,distilbert,abuse.median_validation_macro_f1,0.8801
diagnostics,distilbert,abuse.median_test_macro_f1,0.7777
diagnostics,distilbert,anxiety.median_validation_macro_f1,0.8747
diagnostics,distilbert,anxiety.median_test_macro_f1,0.8248
diagnostics,distilbert,financial.median_validation_macro_f1,0.7997
diagnostics,distilbert,financial.median_test_macro_f1,0.7867
diagnostics,distilbert,ptsd.median_validation_macro_f1,0.7711
diagnostics,distilbert,ptsd.median_test_macro_f1,0.7703
diagnostics,distilbert,social.median_validation_macro_f1,0.7464
diagnostics,distilbert,social.median_test_macro_f1,0.7203
