section,key,value
synthetic_alpha=0.1,M0_coverage_share_in_band,0.964
synthetic_alpha=0.1,M0_coverage_ok,True
synthetic_alpha=0.1,M1_c0_share_in_band,0.957
synthetic_alpha=0.1,M1_c0_ok,True
synthetic_alpha=0.1,M1_c1_share_in_band,0.968
synthetic_alpha=0.1,M1_c1_ok,True
infinite_threshold_alpha=0.1,n=0_infinite,True
infinite_threshold_alpha=0.1,n=0_ok,True
infinite_threshold_alpha=0.1,n=8_infinite,True
infinite_threshold_alpha=0.1,n=8_ok,True
infinite_threshold_alpha=0.1,n=9_infinite,False
infinite_threshold_alpha=0.1,n=9_ok,True
infinite_threshold_alpha=0.1,grouped_small_and_unseen_groups_full_sets,True
infinite_threshold_alpha=0.1,grouped_n_infinite_thresholds,4
infinite_threshold_alpha=0.1,grouped_ok,True
synthetic_alpha=0.05,M0_coverage_share_in_band,0.955
synthetic_alpha=0.05,M0_coverage_ok,True
synthetic_alpha=0.05,M1_c0_share_in_band,0.957
synthetic_alpha=0.05,M1_c0_ok,True
synthetic_alpha=0.05,M1_c1_share_in_band,0.959
synthetic_alpha=0.05,M1_c1_ok,True
infinite_threshold_alpha=0.05,n=0_infinite,True
infinite_threshold_alpha=0.05,n=0_ok,True
infinite_threshold_alpha=0.05,n=18_infinite,True
infinite_threshold_alpha=0.05,n=18_ok,True
infinite_threshold_alpha=0.05,n=19_infinite,False
infinite_threshold_alpha=0.05,n=19_ok,True
infinite_threshold_alpha=0.05,grouped_small_and_unseen_groups_full_sets,True
infinite_threshold_alpha=0.05,grouped_n_infinite_thresholds,4
infinite_threshold_alpha=0.05,grouped_ok,True
reweighting_distilbert_seed_42_alpha=0.1,M0.pi=0.05.coverage.analytic,0.767196
reweighting_distilbert_seed_42_alpha=0.1,M0.pi=0.05.coverage.bootstrap,0.767269
reweighting_distilbert_seed_42_alpha=0.1,M0.pi=0.05.workload.analytic,0.602456
reweighting_distilbert_seed_42_alpha=0.1,M0.pi=0.05.workload.bootstrap,0.602441
reweighting_distilbert_seed_42_alpha=0.1,M0.pi=0.05.uncertainty_referral.analytic,0.330357
reweighting_distilbert_seed_42_alpha=0.1,M0.pi=0.05.uncertainty_referral.bootstrap,0.329918
reweighting_distilbert_seed_42_alpha=0.1,M0.pi=0.05.set_size.analytic,1.330357
reweighting_distilbert_seed_42_alpha=0.1,M0.pi=0.05.set_size.bootstrap,1.329918
reweighting_distilbert_seed_42_alpha=0.1,M0.pi=0.1.coverage.analytic,0.777167
reweighting_distilbert_seed_42_alpha=0.1,M0.pi=0.1.coverage.bootstrap,0.777474
reweighting_distilbert_seed_42_alpha=0.1,M0.pi=0.1.workload.analytic,0.621097
reweighting_distilbert_seed_42_alpha=0.1,M0.pi=0.1.workload.bootstrap,0.621194
reweighting_distilbert_seed_42_alpha=0.1,M0.pi=0.1.uncertainty_referral.analytic,0.319674
reweighting_distilbert_seed_42_alpha=0.1,M0.pi=0.1.uncertainty_referral.bootstrap,0.319541
reweighting_distilbert_seed_42_alpha=0.1,M0.pi=0.1.set_size.analytic,1.319674
reweighting_distilbert_seed_42_alpha=0.1,M0.pi=0.1.set_size.bootstrap,1.319541
reweighting_distilbert_seed_42_alpha=0.1,M0.pi=0.2.coverage.analytic,0.797108
reweighting_distilbert_seed_42_alpha=0.1,M0.pi=0.2.coverage.bootstrap,0.797309
reweighting_distilbert_seed_42_alpha=0.1,M0.pi=0.2.workload.analytic,0.65838
reweighting_distilbert_seed_42_alpha=0.1,M0.pi=0.2.workload.bootstrap,0.65826
reweighting_distilbert_seed_42_alpha=0.1,M0.pi=0.2.uncertainty_referral.analytic,0.298307
reweighting_distilbert_seed_42_alpha=0.1,M0.pi=0.2.uncertainty_referral.bootstrap,0.29842
reweighting_distilbert_seed_42_alpha=0.1,M0.pi=0.2.set_size.analytic,1.298307
reweighting_distilbert_seed_42_alpha=0.1,M0.pi=0.2.set_size.bootstrap,1.29842
reweighting_distilbert_seed_42_alpha=0.1,M0.pi=0.35.coverage.analytic,0.82702
reweighting_distilbert_seed_42_alpha=0.1,M0.pi=0.35.coverage.bootstrap,0.827102
reweighting_distilbert_seed_42_alpha=0.1,M0.pi=0.35.workload.analytic,0.714304
reweighting_distilbert_seed_42_alpha=0.1,M0.pi=0.35.workload.bootstrap,0.714198
reweighting_distilbert_seed_42_alpha=0.1,M0.pi=0.35.uncertainty_referral.analytic,0.266256
reweighting_distilbert_seed_42_alpha=0.1,M0.pi=0.35.uncertainty_referral.bootstrap,0.266408
reweighting_distilbert_seed_42_alpha=0.1,M0.pi=0.35.set_size.analytic,1.266256
reweighting_distilbert_seed_42_alpha=0.1,M0.pi=0.35.set_size.bootstrap,1.266408
reweighting_distilbert_seed_42_alpha=0.1,M0.pi=0.52.coverage.analytic,0.860921
reweighting_distilbert_seed_42_alpha=0.1,M0.pi=0.52.coverage.bootstrap,0.861068
reweighting_distilbert_seed_42_alpha=0.1,M0.pi=0.52.workload.analytic,0.777684
reweighting_distilbert_seed_42_alpha=0.1,M0.pi=0.52.workload.bootstrap,0.777892
reweighting_distilbert_seed_42_alpha=0.1,M0.pi=0.52.uncertainty_referral.analytic,0.229932
reweighting_distilbert_seed_42_alpha=0.1,M0.pi=0.52.uncertainty_referral.bootstrap,0.229938
reweighting_distilbert_seed_42_alpha=0.1,M0.pi=0.52.set_size.analytic,1.229932
reweighting_distilbert_seed_42_alpha=0.1,M0.pi=0.52.set_size.bootstrap,1.229938
reweighting_distilbert_seed_42_alpha=0.1,M1.pi=0.05.coverage.analytic,0.835873
reweighting_distilbert_seed_42_alpha=0.1,M1.pi=0.05.coverage.bootstrap,0.835811
reweighting_distilbert_seed_42_alpha=0.1,M1.pi=0.05.workload.analytic,0.396567
reweighting_distilbert_seed_42_alpha=0.1,M1.pi=0.05.workload.bootstrap,0.396545
reweighting_distilbert_seed_42_alpha=0.1,M1.pi=0.05.uncertainty_referral.analytic,0.201682
reweighting_distilbert_seed_42_alpha=0.1,M1.pi=0.05.uncertainty_referral.bootstrap,0.201466
reweighting_distilbert_seed_42_alpha=0.1,M1.pi=0.05.set_size.analytic,1.201682
reweighting_distilbert_seed_42_alpha=0.1,M1.pi=0.05.set_size.bootstrap,1.201466
reweighting_distilbert_seed_42_alpha=0.1,M1.pi=0.1.coverage.analytic,0.839377
reweighting_distilbert_seed_42_alpha=0.1,M1.pi=0.1.coverage.bootstrap,0.839606
reweighting_distilbert_seed_42_alpha=0.1,M1.pi=0.1.workload.analytic,0.423192
reweighting_distilbert_seed_42_alpha=0.1,M1.pi=0.1.workload.bootstrap,0.423663
reweighting_distilbert_seed_42_alpha=0.1,M1.pi=0.1.uncertainty_referral.analytic,0.201051
reweighting_distilbert_seed_42_alpha=0.1,M1.pi=0.1.uncertainty_referral.bootstrap,0.201387
reweighting_distilbert_seed_42_alpha=0.1,M1.pi=0.1.set_size.analytic,1.201051
reweighting_distilbert_seed_42_alpha=0.1,M1.pi=0.1.set_size.bootstrap,1.201387
reweighting_distilbert_seed_42_alpha=0.1,M1.pi=0.2.coverage.analytic,0.846384
reweighting_distilbert_seed_42_alpha=0.1,M1.pi=0.2.coverage.bootstrap,0.846312
reweighting_distilbert_seed_42_alpha=0.1,M1.pi=0.2.workload.analytic,0.476442
reweighting_distilbert_seed_42_alpha=0.1,M1.pi=0.2.workload.bootstrap,0.476401
reweighting_distilbert_seed_42_alpha=0.1,M1.pi=0.2.uncertainty_referral.analytic,0.19979
reweighting_distilbert_seed_42_alpha=0.1,M1.pi=0.2.uncertainty_referral.bootstrap,0.199898
reweighting_distilbert_seed_42_alpha=0.1,M1.pi=0.2.set_size.analytic,1.19979
reweighting_distilbert_seed_42_alpha=0.1,M1.pi=0.2.set_size.bootstrap,1.199898
reweighting_distilbert_seed_42_alpha=0.1,M1.pi=0.35.coverage.analytic,0.856894
reweighting_distilbert_seed_42_alpha=0.1,M1.pi=0.35.coverage.bootstrap,0.856888
reweighting_distilbert_seed_42_alpha=0.1,M1.pi=0.35.workload.analytic,0.556316
reweighting_distilbert_seed_42_alpha=0.1,M1.pi=0.35.workload.bootstrap,0.556192
reweighting_distilbert_seed_42_alpha=0.1,M1.pi=0.35.uncertainty_referral.analytic,0.197899
reweighting_distilbert_seed_42_alpha=0.1,M1.pi=0.35.uncertainty_referral.bootstrap,0.197803
reweighting_distilbert_seed_42_alpha=0.1,M1.pi=0.35.set_size.analytic,1.197899
reweighting_distilbert_seed_42_alpha=0.1,M1.pi=0.35.set_size.bootstrap,1.197803
reweighting_distilbert_seed_42_alpha=0.1,M1.pi=0.52.coverage.analytic,0.868806
reweighting_distilbert_seed_42_alpha=0.1,M1.pi=0.52.coverage.bootstrap,0.868745
reweighting_distilbert_seed_42_alpha=0.1,M1.pi=0.52.workload.analytic,0.646841
reweighting_distilbert_seed_42_alpha=0.1,M1.pi=0.52.workload.bootstrap,0.647025
reweighting_distilbert_seed_42_alpha=0.1,M1.pi=0.52.uncertainty_referral.analytic,0.195755
reweighting_distilbert_seed_42_alpha=0.1,M1.pi=0.52.uncertainty_referral.bootstrap,0.195941
reweighting_distilbert_seed_42_alpha=0.1,M1.pi=0.52.set_size.analytic,1.195755
reweighting_distilbert_seed_42_alpha=0.1,M1.pi=0.52.set_size.bootstrap,1.195941
reweighting_distilbert_seed_42_alpha=0.1,max_abs_difference,0.000471
reweighting_distilbert_seed_42_alpha=0.1,ok,True
regression_569d312,n_calibration,454
regression_569d312,n_test,715
regression_569d312,a.alpha=0.1.threshold_is_kth_score_ok,True
regression_569d312,a.alpha=0.1.threshold,0.93093027
regression_569d312,a.alpha=0.1.threshold_ok,True
regression_569d312,a.alpha=0.1.coverage,0.8825174825174825
regression_569d312,a.alpha=0.1.coverage_ok,True
regression_569d312,a.alpha=0.1.set_size,1.2503496503496503
regression_569d312,a.alpha=0.1.set_size_ok,True
regression_569d312,a.alpha=0.1.singleton,0.7496503496503496
regression_569d312,a.alpha=0.1.singleton_ok,True
regression_569d312,a.alpha=0.1.empty,0.0
regression_569d312,a.alpha=0.1.empty_ok,True
regression_569d312,a.alpha=0.1.full,0.25034965034965034
regression_569d312,a.alpha=0.1.full_ok,True
regression_569d312,b.alpha=0.1.threshold,0.945091568
regression_569d312,b.alpha=0.1.threshold_ok,True
regression_569d312,b.alpha=0.1.coverage,0.8923076923076924
regression_569d312,b.alpha=0.1.coverage_ok,True
regression_569d312,b.alpha=0.1.set_size,1.283916083916084
regression_569d312,b.alpha=0.1.set_size_ok,True
regression_569d312,b.alpha=0.1.singleton,0.7160839160839161
regression_569d312,b.alpha=0.1.singleton_ok,True
regression_569d312,b.alpha=0.1.empty,0.0
regression_569d312,b.alpha=0.1.empty_ok,True
regression_569d312,b.alpha=0.1.full,0.2839160839160839
regression_569d312,b.alpha=0.1.full_ok,True
regression_569d312,a.alpha=0.05.threshold_is_kth_score_ok,True
regression_569d312,a.alpha=0.05.threshold,0.97843152
regression_569d312,a.alpha=0.05.threshold_ok,True
regression_569d312,a.alpha=0.05.coverage,0.9482517482517483
regression_569d312,a.alpha=0.05.coverage_ok,True
regression_569d312,a.alpha=0.05.set_size,1.5188811188811189
regression_569d312,a.alpha=0.05.set_size_ok,True
regression_569d312,a.alpha=0.05.singleton,0.4811188811188811
regression_569d312,a.alpha=0.05.singleton_ok,True
regression_569d312,a.alpha=0.05.empty,0.0
regression_569d312,a.alpha=0.05.empty_ok,True
regression_569d312,a.alpha=0.05.full,0.5188811188811189
regression_569d312,a.alpha=0.05.full_ok,True
regression_569d312,b.alpha=0.05.threshold,0.978802262
regression_569d312,b.alpha=0.05.threshold_ok,True
regression_569d312,b.alpha=0.05.coverage,0.9482517482517483
regression_569d312,b.alpha=0.05.coverage_ok,True
regression_569d312,b.alpha=0.05.set_size,1.5216783216783216
regression_569d312,b.alpha=0.05.set_size_ok,True
regression_569d312,b.alpha=0.05.singleton,0.4783216783216783
regression_569d312,b.alpha=0.05.singleton_ok,True
regression_569d312,b.alpha=0.05.empty,0.0
regression_569d312,b.alpha=0.05.empty_ok,True
regression_569d312,b.alpha=0.05.full,0.5216783216783217
regression_569d312,b.alpha=0.05.full_ok,True
regression_569d312,ok,True
findings,P29_old_quantile_off_by_one,"Old conformal code used np.quantile(scores, k/n, method='higher'), i.e. the (k+1)-th smallest score instead of the k-th (k = ceil((n+1)(1-alpha))) whenever k < n: one rank too conservative. On 569d312 DistilBERT predictions at alpha=0.10: old coverage 0.8923, plan rule 0.8825."
findings,plan_pilot_numbers,The plan's pilot numbers (e.g. 0.892; 0.829/0.951; 0.836-0.842) came from the old code and are slightly conservative; they are superseded by the new runs.
